{"cameraMode":{"drawMode":0,"name":"Shaded","section":"Shading Mode"},"sceneLighting":true,"audioPlay":false,"sceneViewState":{"showFog":true,"showMaterialUpdate":true,"showSkybox":true,"showFlares":true,"showImageEffects":true,"showParticleSystems":true},"in2DMode":false,"pivot":{"x":230.5006103515625,"y":44.097808837890628,"z":614.6471557617188},"rotation":{"x":-0.14833122491836549,"y":0.2698180377483368,"z":-0.04210734739899635,"w":-0.9504857659339905},"size":1604.8507080078125,"orthographic":false}